ds,actual,yhat,yhat_upper,yhat_lower,is_volume_anomaly,anomaly_score
2025-05-28,5,7.0,10.265986323710905,3.734013676289096,False,-1.225
2025-05-29,7,7.6,11.498717737923585,3.701282262076414,False,-0.308
2025-05-30,9,8.0,12.0,4.0,False,0.5
2025-05-31,7,7.857142857142857,11.586051800086075,4.1282339141996385,False,-0.46
2025-06-01,10,8.285714285714286,11.045976523083704,5.525452048344869,False,1.242
2025-06-02,10,8.857142857142858,12.004326027020632,5.7099596872650835,False,0.726
2025-06-03,7,8.571428571428571,12.00792734336547,5.1349297994916725,False,-0.915
2025-06-04,8,7.857142857142857,13.904574425290493,1.8097112889952207,False,0.047
2025-06-05,11,7.428571428571429,13.185554765602824,1.6715880915400332,False,1.241
2025-06-06,7,7.0,12.29150262212918,1.7084973778708195,False,0.0
2025-06-07,2,7.285714285714286,12.788960081216636,1.7824684902119357,False,-1.921
2025-06-08,7,7.285714285714286,12.788960081216636,1.7824684902119357,False,-0.104
2025-06-09,7,7.428571428571429,13.412677360916195,1.4444654962266634,False,-0.143
2025-06-10,9,7.428571428571429,13.412677360916195,1.4444654962266634,False,0.525
2025-06-11,8,8.0,12.000000000000002,3.9999999999999982,False,0.0
2025-06-12,12,7.857142857142857,12.08854474124249,3.625740973043224,False,1.958
2025-06-13,7,7.571428571428571,12.312334653201388,2.8305224896557544,False,-0.241
2025-06-14,6,7.714285714285714,12.709521539787946,2.7190498887834833,False,-0.686
2025-06-15,6,7.714285714285714,12.709521539787946,2.7190498887834833,False,-0.686
2025-06-16,5,7.857142857142857,13.446247905189033,2.268037809096681,False,-1.022
2025-06-17,10,8.0,13.537749241945384,2.4622507580546156,False,0.722
2025-06-18,8,8.428571428571429,13.70204502853605,3.1550978286068077,False,-0.163
2025-06-19,13,8.428571428571429,13.70204502853605,3.1550978286068077,False,1.734
2025-06-20,8,9.285714285714286,13.863091367884923,4.708337203543649,False,-0.562
2025-06-21,9,9.571428571428571,14.585693935652642,4.557163207204499,False,-0.228
2025-06-22,6,9.571428571428571,14.585693935652642,4.557163207204499,False,-1.425
2025-06-23,11,9.0,13.000000000000004,4.9999999999999964,False,1.0
2025-06-24,12,9.0,13.000000000000004,4.9999999999999964,False,1.5
2025-06-25,8,9.428571428571429,14.026707696980314,4.830435160162545,False,-0.621
2025-06-26,9,10.142857142857142,13.688478184568819,6.597236101145465,False,-0.645
2025-06-27,8,10.142857142857142,13.688478184568819,6.597236101145465,False,-1.209
2025-06-28,12,9.428571428571429,13.233330353416799,5.623812503726059,False,1.352
2025-06-29,11,9.571428571428571,13.196736440128438,5.946120702728704,False,0.788
2025-06-30,11,9.285714285714286,13.40304120404139,5.168387367387182,False,0.833
2025-07-01,7,8.857142857142858,14.076155717645813,3.6381299966399023,False,-0.712
2025-07-02,9,8.857142857142858,14.076155717645813,3.6381299966399023,False,0.055
2025-07-03,7,8.428571428571429,13.308071793314094,3.549071063828764,False,-0.586
2025-07-04,5,8.142857142857142,12.528982453207409,3.756731832506876,False,-1.433
2025-07-05,12,8.0,12.618802153517002,3.381197846482997,False,1.732
2025-07-06,8,7.571428571428571,12.312334653201383,2.830522489655759,False,0.181
2025-07-07,9,7.714285714285714,12.43506046910237,2.9935109594690594,False,0.545
2025-07-08,6,8.142857142857142,12.213659099649998,4.072055186064286,False,-1.053
2025-07-09,6,7.428571428571429,9.696358266626783,5.160784590516075,False,-1.26
2025-07-10,8,7.428571428571429,9.696358266626783,5.160784590516075,False,0.504
2025-07-11,8,7.0,8.999999999999988,5.000000000000013,False,1.0
2025-07-12,7,7.142857142857143,8.942327964542004,5.343386321172282,False,-0.159
2025-07-13,8,7.571428571428571,9.523228717325628,5.6196284255315145,False,0.439
2025-07-14,6,7.714285714285714,9.939680275342454,5.488891153228975,False,-1.541
2025-07-15,7,7.714285714285714,9.939680275342454,5.488891153228975,False,-0.642
2025-07-16,9,8.571428571428571,13.022217693542064,4.120639449315077,False,0.193
2025-07-17,9,8.428571428571429,13.026707696980308,3.8304351601625495,False,0.249
2025-07-18,8,9.142857142857142,13.528982453207412,4.756731832506873,False,-0.521
2025-07-19,13,9.285714285714286,13.40304120404139,5.168387367387182,False,1.804
2025-07-20,7,9.285714285714286,13.40304120404139,5.168387367387182,False,-1.11
2025-07-21,11,8.714285714285714,13.96966844240815,3.4589029861632774,False,0.87
2025-07-22,8,9.428571428571429,15.523065430771872,3.3340774263709863,False,-0.469
2025-07-23,9,8.285714285714286,14.25388382243554,2.317544748993032,False,0.239
2025-07-24,5,8.0,14.429100507328634,1.5708994926713657,False,-0.933
2025-07-25,13,8.142857142857142,14.91816244260282,1.367551843111463,False,1.434
2025-07-26,5,8.285714285714286,15.089074799880375,1.4823537715481967,False,-0.966
2025-07-27,5,8.714285714285714,16.082169690415785,1.3464017381556408,False,-1.008
2025-07-28,12,9.857142857142858,17.015221875852784,2.699063838432931,False,0.599
2025-07-29,9,9.428571428571429,16.047447753864404,2.8096951032784547,False,-0.129
2025-07-30,12,9.857142857142858,15.446247905189036,4.26803780909668,False,0.767
2025-07-31,13,10.571428571428571,14.196736440128442,6.946120702728701,False,1.34
2025-08-01,10,10.0,13.829708431025356,6.170291568974643,False,0.0
2025-08-02,8,9.857142857142858,13.92794481393572,5.786340900349995,False,-0.912
2025-08-03,10,8.857142857142858,13.814100449399279,3.900185264886437,False,0.461
2025-08-04,8,9.142857142857142,15.299541470054852,2.9861728156594323,False,-0.371
2025-08-05,8,9.0,15.110100926607787,2.889899073392213,False,-0.327
2025-08-06,5,8.857142857142858,15.121174724725847,2.593110989559868,False,-1.232
2025-08-07,15,8.714285714285714,14.901830807916488,2.526740620654939,True,2.032
2025-08-08,9,8.428571428571429,14.945947470828807,1.9111953863140503,False,0.175
2025-08-09,7,8.285714285714286,14.890186075270783,1.6812424961577896,False,-0.389
2025-08-10,9,8.857142857142858,14.793311254189494,2.9209744600962217,False,0.048
2025-08-11,6,7.857142857142857,10.287114442318671,5.427171271967041,False,-1.529
2025-08-12,7,8.285714285714286,12.237808365951697,4.333620205476875,False,-0.651
2025-08-13,9,8.142857142857142,12.37425902695677,3.911455258757515,False,0.405
2025-08-14,8,7.571428571428571,12.312334653201383,2.8305224896557597,False,0.181
2025-08-15,12,7.428571428571429,12.442836792795493,2.4143060643473637,False,1.823
2025-08-16,6,8.0,13.656854249492376,2.343145750507623,False,-0.707
2025-08-17,5,8.142857142857142,13.96563671147915,2.3200775742351363,False,-1.08
2025-08-18,5,7.571428571428571,14.19030489672154,0.9525522461356015,False,-0.777
2025-08-19,11,7.0,12.416025603090635,1.5839743969093645,False,1.477
2025-08-20,10,8.0,14.928203230275507,1.071796769724493,False,0.577
2025-08-21,4,8.285714285714286,14.788460958137737,1.782967613290836,False,-1.318
2025-08-22,8,8.285714285714286,14.788460958137737,1.782967613290836,False,-0.088
2025-08-23,13,8.714285714285714,16.348793837649932,1.079777590921494,False,1.123
2025-08-24,7,7.857142857142857,16.137929569251106,0.0,False,-0.207
2025-08-25,5,8.285714285714286,15.920222409078505,0.6512061623500678,False,-0.861
2025-08-26,14,8.571428571428571,16.305090305014012,0.8377668378431302,False,1.404
2025-08-27,4,7.571428571428571,14.38877339739934,0.7540837454578009,False,-1.048
2025-08-28,7,8.0,15.023769168568489,0.9762308314315105,False,-0.285
2025-08-29,10,8.857142857142858,15.632448156888536,2.0818375573971792,False,0.337
2025-08-30,6,7.428571428571429,13.300214339732701,1.5569285174101557,False,-0.487
2025-08-31,10,7.285714285714286,13.580080625469826,0.9913479459587444,False,0.862
2025-09-01,11,7.571428571428571,13.985698377326752,1.1571587655303892,False,1.069
2025-09-02,4,7.714285714285714,14.418939393065918,1.0096320355055113,False,-1.108
2025-09-03,3,8.428571428571429,15.343014559404438,1.51412829773842,False,-1.57
2025-09-04,9,8.142857142857142,14.91816244260282,1.3675518431114648,False,0.253
2025-09-05,11,7.714285714285714,14.008652054041256,1.4199193745301733,False,1.044
2025-09-06,11,8.142857142857142,13.611381798078316,2.6743324876359695,False,1.045
2025-09-07,8,8.285714285714286,13.145657456065928,3.425771115362645,False,-0.118
2025-09-08,8,7.571428571428571,13.328411908459962,1.81444523439718,False,0.149
2025-09-09,7,8.285714285714286,16.669371857783545,0.0,False,-0.307
2025-09-10,4,8.142857142857142,16.34274099801602,0.0,False,-1.01
2025-09-11,4,8.428571428571429,16.743789834774425,0.11335302236843248,False,-1.065
2025-09-12,16,8.142857142857142,16.661743723357468,0.0,False,1.845
2025-09-13,10,8.0,16.640987597877142,0.0,False,0.463
2025-09-14,10,8.714285714285714,16.606415609676073,0.8221558188953537,False,0.326
2025-09-15,6,9.0,16.211102550927976,1.7888974490720226,False,-0.832
2025-09-16,6,8.142857142857142,12.213659099649998,4.0720551860642855,False,-1.053
2025-09-17,9,7.142857142857143,12.361870003360096,1.9238442823541906,False,0.712
2025-09-18,6,7.285714285714286,12.908795969190669,1.6626326022379025,False,-0.457
2025-09-19,10,7.857142857142857,13.679922425764863,2.0343632885208507,False,0.736
2025-09-20,3,9.142857142857142,16.752374992547878,1.5333392931664083,False,-1.615
2025-09-21,11,9.285714285714286,16.920222409078505,1.651206162350066,False,0.449
2025-09-22,10,9.857142857142858,16.921473108820074,2.79281260546564,False,0.04
2025-09-23,15,9.714285714285714,16.80552779770906,2.6230436308623677,False,1.491
2025-09-24,10,10.428571428571429,14.879360550684922,5.977782306457935,False,-0.193
2025-09-25,10,11.142857142857142,17.29954147005485,4.986172815659433,False,-0.371
2025-09-26,9,10.571428571428571,17.861343326956042,3.2815138159011,False,-0.431
2025-09-27,8,9.428571428571429,15.94594747082881,2.9111953863140485,False,-0.438
2025-09-28,16,9.142857142857142,15.7184251972609,2.567289088453384,True,2.086
2025-09-29,6,9.0,15.531972647421806,2.4680273525781926,False,-0.919
2025-09-30,7,8.857142857142858,15.432710911546616,2.281574802739099,False,-0.565
2025-10-01,8,8.714285714285714,15.41893939306592,2.0096320355055077,False,-0.213
2025-10-02,9,7.571428571428571,9.523228717325633,5.619628425531508,False,1.464
2025-10-03,8,8.428571428571429,11.865070200508326,4.992072656634532,False,-0.249
2025-10-04,7,8.142857142857142,12.374259026956771,3.9114552587575124,False,-0.54
2025-10-05,8,7.714285714285714,12.57422888463736,2.8543425439340693,False,0.118
2025-10-06,12,8.285714285714286,14.580080625469831,1.9913479459587418,False,1.18
2025-10-07,5,8.285714285714286,14.580080625469831,1.9913479459587418,False,-1.044
2025-10-08,5,8.0,14.733003292241385,1.266996707758616,False,-0.891
2025-10-09,13,7.857142857142857,14.632448156888536,1.0818375573971766,False,1.518
2025-10-10,8,7.857142857142857,14.632448156888536,1.0818375573971766,False,0.042
2025-10-11,5,7.714285714285714,14.805527797709061,0.6230436308623686,False,-0.766
2025-10-12,7,8.428571428571429,15.245916254542202,1.6112266026006559,False,-0.419
2025-10-13,12,7.571428571428571,13.091953046167404,2.050904096689738,False,1.604
2025-10-14,4,7.142857142857143,12.965636711479153,1.3200775742351345,False,-1.08
2025-10-15,10,7.714285714285714,13.337367397762101,2.0912040308093287,False,0.813
2025-10-16,7,7.857142857142857,13.446247905189033,2.2680378090966817,False,-0.307
2025-10-17,5,8.714285714285714,17.931247304331585,0.0,False,-0.806
2025-10-18,9,9.428571428571429,17.663225265225634,1.1939175919172254,False,-0.104
2025-10-19,8,9.285714285714286,17.508794464032363,1.062634107396212,False,-0.313
2025-10-20,18,9.0,17.717797887081346,0.28220211291865205,True,2.065
2025-10-21,9,9.285714285714286,17.508794464032363,1.062634107396212,False,-0.069
2025-10-22,9,9.428571428571429,17.663225265225634,1.1939175919172254,False,-0.104
2025-10-23,5,9.428571428571429,17.663225265225634,1.1939175919172254,False,-1.076
2025-10-24,7,8.285714285714286,11.884655929084035,4.686772642344538,False,-0.714
2025-10-25,10,9.0,14.65685424949238,3.343145750507621,False,0.354
2025-10-26,8,8.714285714285714,14.56968615197691,2.858885276594516,False,-0.244
2025-10-27,10,9.285714285714286,14.145657456065932,4.425771115362641,False,0.294
2025-10-28,14,9.0,14.65685424949238,3.343145750507621,False,1.768
2025-10-29,7,8.571428571428571,14.328411908459966,2.8144452343971764,False,-0.546
2025-10-30,9,8.714285714285714,14.454702158445574,2.973869270125853,False,0.1
2025-10-31,5,8.714285714285714,14.454702158445574,2.973869270125853,False,-1.294
2025-11-01,7,7.714285714285714,11.122958127271101,4.305613301300328,False,-0.419
2025-11-02,9,8.285714285714286,12.403041204041388,4.168387367387185,False,0.347
2025-11-03,10,8.142857142857142,12.213659099650002,4.072055186064284,False,0.912
2025-11-04,7,9.0,12.464101615137752,5.535898384862248,False,-1.155
2025-11-05,11,9.0,12.464101615137752,5.535898384862248,False,1.155
2025-11-06,8,9.285714285714286,13.065359015806557,5.506069555622017,False,-0.68
2025-11-07,11,8.857142857142858,12.927944813935714,4.786340900350001,False,1.053
2025-11-08,7,8.428571428571429,13.826983893626052,3.030158963516806,False,-0.529
2025-11-09,11,7.428571428571429,13.185554765602824,1.671588091540034,False,1.241
2025-11-10,7,7.857142857142857,14.226713374173698,1.4875723401120142,False,-0.269
2025-11-11,4,7.714285714285714,13.793132722755407,1.6354387058160214,False,-1.222
2025-11-12,4,7.857142857142857,13.904574425290491,1.8097112889952216,False,-1.276
2025-11-13,11,7.571428571428571,13.091953046167404,2.050904096689738,False,1.242
2025-11-14,10,7.428571428571429,13.068564674092546,1.788578183050313,False,0.912
2025-11-15,8,8.0,12.760952285695232,3.2390477143047676,False,0.0
2025-11-16,9,8.428571428571429,11.865070200508324,4.992072656634533,False,0.333
2025-11-17,6,7.857142857142857,10.54751369368105,5.166772020604663,False,-1.381
2025-11-18,8,7.857142857142857,10.54751369368105,5.166772020604663,False,0.106
2025-11-19,7,8.571428571428571,13.312334653201386,3.830522489655756,False,-0.663
2025-11-20,7,9.285714285714286,15.58008062546983,2.9913479459587426,False,-0.726
2025-11-21,10,9.714285714285714,15.337367397762097,4.0912040308093305,False,0.102
2025-11-22,13,10.0,15.416025603090638,4.583974396909362,False,1.108
2025-11-23,14,10.142857142857142,15.232529225099952,5.053185060614331,False,1.516
2025-11-24,9,10.571428571428571,14.869822512913046,6.273034629944096,False,-0.731
2025-11-25,10,10.428571428571429,14.879360550684918,5.9777823064579385,False,-0.193
2025-11-26,8,9.142857142857142,15.079025539903776,3.2066887458105082,False,-0.385
2025-11-27,10,8.428571428571429,12.56896478462555,4.288178072517308,False,0.759
2025-11-28,9,8.0,12.472135954999574,3.5278640450004257,False,0.447
2025-11-29,4,7.571428571428571,11.711821927482692,3.431035215374451,False,-1.725
2025-11-30,9,8.0,12.89897948556635,3.1010205144336487,False,0.408
2025-12-01,6,7.0,12.773502691896255,1.2264973081037462,False,-0.346
2025-12-02,7,6.571428571428571,12.0919530461674,1.0509040966897416,False,0.155
2025-12-03,11,6.428571428571429,12.300214339732701,0.5569285174101557,False,1.557
2025-12-04,3,6.285714285714286,11.908795969190667,0.6626326022379043,False,-1.169
2025-12-05,6,7.571428571428571,16.20138746334633,0.0,False,-0.364
2025-12-06,3,7.428571428571429,16.135437903344297,0.0,False,-1.017
2025-12-07,8,7.285714285714286,15.748518053913546,0.0,False,0.169
2025-12-08,15,8.428571428571429,16.332759589046255,0.524383268096603,False,1.663
2025-12-09,6,8.857142857142858,16.466660706833586,1.2476250074521271,False,-0.751
2025-12-10,10,10.428571428571429,16.842841234469606,4.014301622673251,False,-0.134
2025-12-11,11,11.0,17.110100926607778,4.889899073392223,False,0.0
2025-12-12,9,10.0,15.291502622129173,4.7084973778708274,False,-0.378
2025-12-13,14,9.714285714285714,16.11369044850755,3.3148809800638768,False,1.339
2025-12-14,12,10.285714285714286,17.47035398573039,3.101074585698181,False,0.477
2025-12-15,8,10.0,17.211102550927972,2.788897449072028,False,-0.555
2025-12-16,4,9.857142857142858,17.199129094174484,2.515156620111232,False,-1.596
2025-12-17,14,9.428571428571429,15.945947470828802,2.9111953863140547,False,1.403
2025-12-18,9,8.714285714285714,15.008652054041251,2.419919374530176,False,0.091
2025-12-19,8,8.571428571428571,14.985698377326749,2.1571587655303937,False,-0.178
2025-12-20,11,9.0,14.291502622129173,3.7084973778708274,False,0.756
2025-12-21,7,8.571428571428571,12.19673644012842,4.946120702728722,False,-0.867
2025-12-22,7,8.857142857142858,12.927944813935705,4.786340900350011,False,-0.912
2025-12-23,7,9.0,12.999999999999988,5.000000000000012,False,-1.0
2025-12-24,11,8.714285714285714,12.31322735765545,5.115344070915978,False,1.27
2025-12-25,11,8.285714285714286,13.280950111216505,3.290478460212067,False,1.087
2025-12-26,9,8.428571428571429,13.308071793314085,3.549071063828774,False,0.234
2025-12-27,9,8.142857142857142,13.611381798078309,2.674332487635975,False,0.313
2025-12-28,4,7.285714285714286,12.541097013836707,2.0303315575918646,False,-1.25
2025-12-29,8,6.571428571428571,10.711821927482674,2.431035215374468,False,0.69
2025-12-30,5,5.571428571428571,10.312334653201363,0.8305224896557792,False,-0.241
2025-12-31,5,5.428571428571429,9.72696537005588,1.1301774870869776,False,-0.199
2026-01-01,6,6.285714285714286,11.541097013836701,1.030331557591869,False,-0.109
2026-01-02,2,6.0,11.033222956847144,0.9667770431528551,False,-1.589
2026-01-03,8,6.571428571428571,11.969841036483178,1.1730161063739644,False,0.529
2026-01-04,10,6.428571428571429,12.068564674092528,0.7885781830503307,False,1.266
2026-01-05,6,6.571428571428571,12.21142181694967,0.9314353259074721,False,-0.203
2026-01-06,9,7.0,11.320493798938553,2.6795062010614457,False,0.926
2026-01-07,4,7.857142857142857,14.730140401016644,0.9841453132690692,False,-1.122
2026-01-08,7,8.142857142857142,15.5750906724292,0.7106236132850849,False,-0.308
2026-01-09,5,8.714285714285714,15.991124379006877,1.4374470495645513,False,-1.021
2026-01-10,14,8.857142857142858,16.199129094174484,1.51515662011123,False,1.401
2026-01-11,12,9.285714285714286,15.580080625469828,2.9913479459587453,False,0.862
2026-01-12,10,9.428571428571429,15.523065430771865,3.3340774263709916,False,0.188
2026-01-13,10,9.714285714285714,14.969668442408148,4.458902986163279,False,0.109
2026-01-14,7,8.857142857142858,12.586051800086066,5.128233914199649,False,-0.996
2026-01-15,8,7.714285714285714,11.8316126326128,3.5969587959586296,False,0.139
2026-01-16,7,7.714285714285714,11.8316126326128,3.5969587959586296,False,-0.347
2026-01-17,8,7.857142857142857,12.39271653325357,3.321569181032144,False,0.063
2026-01-18,4,7.571428571428571,12.585693935652625,2.5571632072045167,False,-1.425
2026-01-19,10,7.285714285714286,12.412673841407514,2.158754730021056,False,1.059
2026-01-20,11,7.428571428571429,12.574073393996214,2.283069463146644,False,1.388
2026-01-21,5,7.142857142857143,12.361870003360082,1.9238442823542048,False,-0.821
2026-01-22,6,8.285714285714286,13.788960081216626,2.782468490211947,False,-0.831
2026-01-23,8,7.714285714285714,13.217531509788051,2.211039918783378,False,0.104
2026-01-24,6,7.428571428571429,12.308071793314078,2.5490710638287792,False,-0.586
2026-01-25,12,7.857142857142857,12.24326816749311,3.471017546792604,False,1.889
2026-01-26,6,8.285714285714286,12.403041204041376,4.168387367387198,False,-1.11
2026-01-27,9,8.857142857142858,13.81410044939927,3.9001852648864466,False,0.058
2026-01-28,8,8.857142857142858,13.81410044939927,3.9001852648864466,False,-0.346
2026-01-29,9,8.285714285714286,12.403041204041376,4.168387367387198,False,0.347
2026-01-30,12,8.857142857142858,12.586051800086063,5.128233914199653,False,1.686
2026-01-31,6,8.857142857142858,12.586051800086063,5.128233914199653,False,-1.532
2026-02-01,8,9.428571428571429,13.7269653700559,5.130177487086957,False,-0.665
2026-02-02,10,8.857142857142858,14.325667512364028,3.3886182019216875,False,0.418
2026-02-03,9,8.285714285714286,13.006489040530933,3.5649395308976386,False,0.303
2026-02-04,12,8.285714285714286,13.006489040530933,3.5649395308976386,False,1.574
2026-02-05,5,8.0,13.033222956847155,2.9667770431528453,False,-1.192
2026-02-06,8,7.857142857142857,12.677733613273801,3.036552101011912,False,0.059
2026-02-07,6,7.428571428571429,12.308071793314081,2.5490710638287775,False,-0.586
2026-02-08,6,7.571428571428571,13.091953046167394,2.0509040966897496,False,-0.569
2026-02-09,9,7.714285714285714,12.969668442408139,2.4589029861632907,False,0.489
2026-02-10,6,8.285714285714286,14.473259379345052,2.09816919208352,False,-0.739
2026-02-11,13,8.0,14.831300510639725,1.168699489360276,False,1.464
2026-02-12,6,8.142857142857142,14.819040826027376,1.466673459686909,False,-0.642
2026-02-13,12,7.285714285714286,14.920222409078498,0.0,False,1.235
2026-02-14,4,7.0,14.999999999999993,0.0,False,-0.75
2026-02-15,7,6.142857142857143,12.190288711004769,0.09542557470951873,False,0.283
2026-02-16,3,6.428571428571429,12.631489328736668,0.22565352840618935,False,-1.105
2026-02-17,4,5.714285714285714,9.666379794523113,1.7621916340483161,False,-0.868
2026-02-18,7,6.285714285714286,10.237808365951684,2.333620205476887,False,0.361
2026-02-19,8,6.142857142857143,10.04645743465126,2.2392568510630273,False,0.952
2026-02-20,7,6.571428571428571,9.365981095451636,3.7768760474055063,False,0.307
2026-02-21,8,8.0,13.537749241945374,2.4622507580546262,False,0.0
2026-02-22,6,8.571428571428571,14.44307148258984,2.6997856602673025,False,-0.876
2026-02-23,6,8.571428571428571,14.44307148258984,2.6997856602673025,False,-0.876
2026-02-24,14,9.0,14.773502691896251,3.22649730810375,False,1.732
2026-02-25,11,9.571428571428571,15.665922573629004,3.4769345692281375,False,0.469
2026-02-26,8,10.428571428571429,15.826983893626046,5.0301589635168105,False,-0.9
2026-02-27,10,10.857142857142858,14.92794481393571,6.786340900350005,False,-0.421
2026-02-28,12,9.714285714285714,14.143625125422272,5.284946303149155,False,1.032
2026-03-01,12,8.857142857142858,14.32566751236403,3.3886182019216857,False,1.149
2026-03-02,9,8.428571428571429,14.631489328736674,2.225653528406184,False,0.184
2026-03-03,6,7.714285714285714,14.217032386709162,1.2115390418622667,False,-0.527
2026-03-04,5,6.857142857142857,12.202367695391338,1.5119180188943746,False,-0.695
2026-03-05,5,5.571428571428571,9.196736440128428,1.9461207027287148,False,-0.315
2026-03-06,5,5.285714285714286,7.7928469678263115,2.7785816036022597,False,-0.228
2026-03-07,6,5.714285714285714,9.49393044437798,1.9346409841934484,False,0.151
2026-03-08,3,5.857142857142857,9.586051800086068,2.128233914199646,False,-1.532
2026-03-09,7,5.857142857142857,9.586051800086068,2.128233914199646,False,0.613
2026-03-10,9,6.428571428571429,10.7269653700559,2.130177487086957,False,1.196
2026-03-11,6,6.285714285714286,10.715053696850845,1.8563748745777264,False,-0.129
2026-03-12,5,7.142857142857143,10.87176608580035,3.413948199913935,False,-1.149
2026-03-13,9,7.714285714285714,12.435060469102364,2.9935109594690648,False,0.545
2026-03-14,5,8.142857142857142,13.849995530125184,2.4357187555891002,False,-1.101
2026-03-15,9,8.714285714285714,14.217531509788053,3.211039918783375,False,0.104
2026-03-16,11,8.857142857142858,13.94681493938566,3.7674707749000556,False,0.842
2026-03-17,12,8.714285714285714,13.841245269978948,3.5873261585924796,False,1.282
2026-03-18,10,8.571428571428571,14.211421816949677,2.931435325907466,False,0.507
2026-03-19,6,8.285714285714286,14.026130729874136,2.5452978415544356,False,-0.796
2026-03-20,8,7.285714285714286,13.253883822435533,1.317544748993038,False,0.239
2026-03-21,4,7.142857142857143,12.611381798078312,1.6743324876359749,False,-1.149
2026-03-22,7,7.142857142857143,12.611381798078312,1.6743324876359749,False,-0.052
2026-03-23,4,7.571428571428571,13.091953046167394,2.050904096689748,False,-1.294
2026-03-24,11,7.0,13.110100926607778,0.8898990733922227,False,1.309
2026-03-25,10,7.571428571428571,13.091953046167394,2.050904096689748,False,0.88
2026-03-26,9,7.571428571428571,13.091953046167394,2.050904096689748,False,0.518
2026-03-27,4,8.285714285714286,12.863091367884909,3.708337203543665,False,-1.873
2026-03-28,8,8.428571428571429,13.442836792795486,3.414306064347371,False,-0.171
2026-03-29,7,8.428571428571429,13.442836792795486,3.414306064347371,False,-0.57
2026-03-30,9,8.142857142857142,13.232529225099945,3.0531850606143394,False,0.337
2026-03-31,12,8.428571428571429,12.568964784625539,4.288178072517318,False,1.725
2026-04-01,10,8.428571428571429,12.568964784625539,4.288178072517318,False,0.759
2026-04-02,7,8.714285714285714,12.666379794523113,4.762191634048314,False,-0.868
2026-04-03,6,9.142857142857142,13.823109476306886,4.462604809407399,False,-1.343
2026-04-04,8,8.857142857142858,12.927944813935701,4.786340900350014,False,-0.421
2026-04-05,9,9.0,13.320493798938559,4.679506201061441,False,0.0
2026-04-06,12,9.0,13.320493798938559,4.679506201061441,False,1.389
2026-04-07,10,9.714285714285714,13.313227357655443,6.115344070915984,False,0.159
2026-04-08,11,9.571428571428571,13.547547760980574,5.595309381876569,False,0.719
2026-04-09,7,9.571428571428571,13.547547760980574,5.595309381876569,False,-1.293
2026-04-10,11,9.571428571428571,13.547547760980574,5.595309381876569,False,0.719
2026-04-11,7,9.428571428571429,13.404690618123432,5.452452239019426,False,-1.222
2026-04-12,9,9.428571428571429,13.404690618123432,5.452452239019426,False,-0.216
2026-04-13,12,9.714285714285714,13.12295812727108,6.3056133013003475,False,1.341
2026-04-14,9,9.285714285714286,12.694386698699654,5.877041872728919,False,-0.168
2026-04-15,11,8.857142857142858,13.94681493938566,3.7674707749000556,False,0.842
2026-04-16,9,8.714285714285714,13.841245269978948,3.5873261585924787,False,0.111
2026-04-17,8,8.571428571428571,13.312334653201376,3.830522489655767,False,-0.241
2026-04-18,4,8.428571428571429,13.169477510344233,3.6876653467986245,False,-1.868
2026-04-19,8,8.0,12.163331998932254,3.8366680010677454,False,0.0
2026-04-20,11,8.428571428571429,13.574073393996219,3.2830694631466395,False,0.999
2026-04-21,8,8.285714285714286,13.541097013836712,3.03033155759186,False,-0.109
2026-04-22,8,8.714285714285714,12.666379794523115,4.762191634048312,False,-0.361
2026-04-23,12,9.285714285714286,13.863091367884907,4.708337203543666,False,1.186
2026-04-24,7,9.0,13.32049379893856,4.67950620106144,False,-0.926
2026-04-25,7,8.714285714285714,13.57422888463735,3.8543425439340773,False,-0.705
2026-04-26,12,8.0,14.531972647421803,1.468027352578197,False,1.225
2026-04-27,9,7.428571428571429,12.949095903310258,1.9080469538325984,False,0.569
2026-04-28,6,7.142857142857143,12.96563671147915,1.3200775742351372,False,-0.393
2026-04-29,3,7.142857142857143,12.96563671147915,1.3200775742351372,False,-1.423
2026-04-30,8,6.142857142857143,10.213659099650005,2.072055186064282,False,0.912
2026-05-01,5,5.714285714285714,8.921420617234812,2.507150811336616,False,-0.445
2026-05-02,7,6.0,9.651483716701112,2.3485162832988893,False,0.548
2026-05-03,5,6.857142857142857,10.004326027020628,3.709959687265086,False,-1.18
2026-05-04,6,6.428571428571429,9.665265803422178,3.1918770537206793,False,-0.265
2026-05-05,8,6.714285714285714,9.706338680458096,3.7222327481133326,False,0.859
2026-05-06,9,7.428571428571429,12.442836792795495,2.414306064347363,False,0.627
2026-05-07,5,7.714285714285714,12.291662796456343,3.1369086321150856,False,-1.186
2026-05-08,7,8.142857142857142,12.528982453207401,3.7567318325068824,False,-0.521
2026-05-09,12,8.428571428571429,13.0267076969803,3.8304351601625584,False,1.553
2026-05-10,7,8.0,12.89897948556635,3.1010205144336496,False,-0.408
2026-05-11,9,8.142857142857142,12.678430818967861,3.6072834667464235,False,0.378
2026-05-12,10,8.142857142857142,12.678430818967861,3.6072834667464235,False,0.819
2026-05-13,6,7.857142857142857,11.402763898854523,4.31152181543119,False,-1.048
2026-05-14,6,8.142857142857142,11.688478184568805,4.597236101145479,False,-1.209
2026-05-15,7,8.714285714285714,13.841245269978948,3.5873261585924796,False,-0.669
2026-05-16,10,8.0,13.656854249492376,2.3431457505076247,False,0.707
2026-05-17,9,8.428571428571429,13.826983893626045,3.030158963516813,False,0.212
2026-05-18,13,8.142857142857142,14.299541470054844,1.9861728156594394,False,1.578
2026-05-19,5,8.142857142857142,14.299541470054844,1.9861728156594394,False,-1.021
2026-05-20,9,7.571428571428571,13.66592257362901,1.476934569228133,False,0.469
2026-05-21,4,7.0,13.21825270205921,0.7817472979407887,False,-0.965
2026-05-22,7,6.0,9.265986323710917,2.734013676289083,False,0.612
2026-05-23,6,6.0,9.265986323710917,2.734013676289083,False,0.0
2026-05-24,5,5.428571428571429,7.380371574468528,3.47677128267433,False,-0.439
2026-05-25,6,5.857142857142857,7.656613678827759,4.057672035457955,False,0.159
2026-05-26,5,17.571428571428573,80.58314327969683,0.0,False,-0.399
2026-05-27,5,19.5,87.61460929932726,0.0,False,-0.426
2026-05-28,7,22.4,96.87952738840386,0.0,False,-0.414
2026-05-29,89,26.5,109.85466393669881,0.0,False,1.5
